Workbook
Name CL: 'RELEVANCIA-PUNTAJE'!$B$2
Name L: 'RELEVANCIA-PUNTAJE'!$C$2
Name ML: 'RELEVANCIA-PUNTAJE'!$D$2
Name MR: 'RELEVANCIA-PUNTAJE'!$A$3
Name MR_CL: 'RELEVANCIA-PUNTAJE'!$B$3
Name MR_L: 'RELEVANCIA-PUNTAJE'!$C$3
Name MR_ML: 'RELEVANCIA-PUNTAJE'!$D$3
Name MR_NL: 'RELEVANCIA-PUNTAJE'!$E$3
Name MR_PL: 'RELEVANCIA-PUNTAJE'!#REF!
Name MR_TL: 'RELEVANCIA-PUNTAJE'!$B$3
Name NL: 'RELEVANCIA-PUNTAJE'!$E$2
Name PL: 'RELEVANCIA-PUNTAJE'!#REF!
Name PR: 'RELEVANCIA-PUNTAJE'!$A$5
Name PR_ML: 'RELEVANCIA-PUNTAJE'!$D$5
Name PR_NL: 'RELEVANCIA-PUNTAJE'!$E$5
Name PR_PL: 'RELEVANCIA-PUNTAJE'!#REF!
Name PR_TL: 'RELEVANCIA-PUNTAJE'!$B$5
Name RE: 'RELEVANCIA-PUNTAJE'!$A$4
Name RE_ML: 'RELEVANCIA-PUNTAJE'!$D$4
Name RE_NL: 'RELEVANCIA-PUNTAJE'!$E$4
Name RE_PL: 'RELEVANCIA-PUNTAJE'!#REF!
Name RE_TL: 'RELEVANCIA-PUNTAJE'!$B$4
Name TL: 'RELEVANCIA-PUNTAJE'!$B$2

Sheet EVALUACION FASE 3
C2: 0.7 | D2: 0.3 | E2: 1
B3: INTEGRANTES | C3: Nota docente asignatura | D3: Nota comision | E3: Nota final
A4: 1 | B4: Leandro Marcelo | C4: =C21 -> 5.1 | D4: =C60 -> 4.8 | E4: =C4*C$2+D4*D$2 -> 5.01
A5: 2 | B5: Antonio Loza | C5: =C34 -> 5.1 | D5: =C73 -> 4.8 | E5: =C5*C$2+D5*D$2 -> 5.01
A6: 3 | C6: =C47 -> 7 | D6: =C86 -> 7 | E6: =C6*C$2+D6*D$2 -> 7
A11: DOCENTE | B11: =B4 -> Leandro Marcelo | C11: Nivel de Logro | D11: NIVELES DE LOGRO Y PUNTAJES
B12: Aspectos a Evaluar | D12: Completamente logrado | F12: Logrado | H12: Logro Incipiente | J12: No logrado
B13: =RUBRICA!A4 -> 1. Presenta el proyecto considerando la relevancia, objetivos, metodología y desarrollo, de acuerdo a los estándares de calidad de la disciplina. | C13: Completamente logrado | D13: =IF($C13=CL,"X","") -> X | E13: =IF(D13="X",100*0.15,"") -> 15 | F13: =IF($C13=L,"X","") | G13: =IF(F13="X",60*0.15,"") | H13: =IF($C13=ML,"X","") | I13: =IF(H13="X",30*0.15,"") | J13: =IF($C13=NL,"X","") | K13: =IF($J13="X",0,"")
B14: =RUBRICA!A5 -> 2. Presenta las evidencias del Proyecto APT, dando cuenta del cumplimiento de los objetivos y de acuerdo a los estándares de la disciplina. | C14: Logrado | D14: =IF($C14=CL,"X","") | E14: =IF(D14="X",100*0.25,"") | F14: =IF($C14=L,"X","") -> X | G14: =IF(F14="X",60*0.25,"") -> 15 | H14: =IF($C14=ML,"X","") | I14: =IF(H14="X",30*0.25,"") | J14: =IF($C14=NL,"X","") | K14: =IF($J14="X",0,"")
B15: =RUBRICA!A6 -> 3. Responde las preguntas realizadas por la comisión, cumpliendo con los estándares de calidad de la disciplina. | C15: Logrado | D15: =IF($C15=CL,"X","") | E15: =IF(D15="X",100*0.2,"") | F15: =IF($C15=L,"X","") -> X | G15: =IF(F15="X",60*0.2,"") -> 12 | H15: =IF($C15=ML,"X","") | I15: =IF(H15="X",30*0.2,"") | J15: =IF($C15=NL,"X","") | K15: =IF($J15="X",0,"")
B16: =RUBRICA!A7 -> 4. Expone el Proyecto APT, considerando el formato y el tiempo establecido para la presentación. | C16: Logro incipiente | D16: =IF($C16=CL,"X","") | E16: =IF(D16="X",100*0.05,"") | F16: =IF($C16=L,"X","") | G16: =IF(F16="X",60*0.05,"") | H16: =IF($C16=ML,"X","") -> X | I16: =IF(H16="X",30*0.05,"") -> 1.5 | J16: =IF($C16=NL,"X","") | K16: =IF($J16="X",0,"")
B17: =RUBRICA!A8 -> 5. Expresa sus ideas con fluidez, claridad y precisión, utilizando lenguaje técnico propio de la disciplina. | C17: Logro incipiente | D17: =IF($C17=CL,"X","") | E17: =IF(D17="X",100*0.05,"") | F17: =IF($C17=L,"X","") | G17: =IF(F17="X",60*0.05,"") | H17: =IF($C17=ML,"X","") -> X | I17: =IF(H17="X",30*0.05,"") -> 1.5 | J17: =IF($C17=NL,"X","") | K17: =IF($J17="X",0,"")
B18: =RUBRICA!A9 -> 6. Entrega la documentación y evidencias requerida por la asignatura de acuerdo a la estructura y nombres solicitados, guardando todas las evidencias de avances en Git | C18: Completamente logrado | D18: =IF($C18=CL,"X","") -> X | E18: =IF(D18="X",100*0.2,"") -> 20 | F18: =IF($C18=L,"X","") | G18: =IF(F18="X",60*0.2,"") | H18: =IF($C18=ML,"X","") | I18: =IF(H18="X",30*0.2,"") | J18: =IF($C18=NL,"X","") | K18: =IF($J18="X",0,"")
B19: =RUBRICA!A10 -> 7. Expone el tema utilizando un lenguaje técnico disciplinar al presentar la propuesta y responde evidenciando un manejo de la información. | C19: Completamente logrado | D19: =IF($C19=CL,"X","") -> X | E19: =IF(D19="X",100*0.1,"") -> 10 | F19: =IF($C19=L,"X","") | G19: =IF(F19="X",60*0.1,"") | H19: =IF($C19=ML,"X","") | I19: =IF(H19="X",30*0.1,"") | J19: =IF($C19=NL,"X","") | K19: =IF($J19="X",0,"")
B20: Puntaje | C20: =E20+G20+I20+K20 -> 75 | E20: =SUM(E13:E19) -> 45 | G20: =SUM(G13:G19) -> 27 | I20: =SUM(I13:I19) -> 3 | K20: =SUM(K13:K19) -> 0
B21: Nota | C21: =VLOOKUP(C20,ESCALA_IEP!A2:B202,2,FALSE) -> 5.1
A24: DOCENTE | B24: =B5 -> Antonio Loza | C24: Nivel de Logro | D24: NIVELES DE LOGRO Y PUNTAJES
B25: Aspectos a Evaluar | D25: Completamente logrado | F25: Logrado | H25: Logro Incipiente | J25: No logrado
B26: =RUBRICA!A4 -> 1. Presenta el proyecto considerando la relevancia, objetivos, metodología y desarrollo, de acuerdo a los estándares de calidad de la disciplina. | C26: Completamente logrado | D26: =IF($C26=CL,"X","") -> X | E26: =IF(D26="X",100*0.15,"") -> 15 | F26: =IF($C26=L,"X","") | G26: =IF(F26="X",60*0.15,"") | H26: =IF($C26=ML,"X","") | I26: =IF(H26="X",30*0.15,"") | J26: =IF($C26=NL,"X","") | K26: =IF($J26="X",0,"")
B27: =RUBRICA!A5 -> 2. Presenta las evidencias del Proyecto APT, dando cuenta del cumplimiento de los objetivos y de acuerdo a los estándares de la disciplina. | C27: Logrado | D27: =IF($C27=CL,"X","") | E27: =IF(D27="X",100*0.25,"") | F27: =IF($C27=L,"X","") -> X | G27: =IF(F27="X",60*0.25,"") -> 15 | H27: =IF($C27=ML,"X","") | I27: =IF(H27="X",30*0.25,"") | J27: =IF($C27=NL,"X","") | K27: =IF($J27="X",0,"")
B28: =RUBRICA!A6 -> 3. Responde las preguntas realizadas por la comisión, cumpliendo con los estándares de calidad de la disciplina. | C28: Logrado | D28: =IF($C28=CL,"X","") | E28: =IF(D28="X",100*0.2,"") | F28: =IF($C28=L,"X","") -> X | G28: =IF(F28="X",60*0.2,"") -> 12 | H28: =IF($C28=ML,"X","") | I28: =IF(H28="X",30*0.2,"") | J28: =IF($C28=NL,"X","") | K28: =IF($J28="X",0,"")
B29: =RUBRICA!A7 -> 4. Expone el Proyecto APT, considerando el formato y el tiempo establecido para la presentación. | C29: Logro incipiente | D29: =IF($C29=CL,"X","") | E29: =IF(D29="X",100*0.05,"") | F29: =IF($C29=L,"X","") | G29: =IF(F29="X",60*0.05,"") | H29: =IF($C29=ML,"X","") -> X | I29: =IF(H29="X",30*0.05,"") -> 1.5 | J29: =IF($C29=NL,"X","") | K29: =IF($J29="X",0,"")
B30: =RUBRICA!A8 -> 5. Expresa sus ideas con fluidez, claridad y precisión, utilizando lenguaje técnico propio de la disciplina. | C30: Logro incipiente | D30: =IF($C30=CL,"X","") | E30: =IF(D30="X",100*0.05,"") | F30: =IF($C30=L,"X","") | G30: =IF(F30="X",60*0.05,"") | H30: =IF($C30=ML,"X","") -> X | I30: =IF(H30="X",30*0.05,"") -> 1.5 | J30: =IF($C30=NL,"X","") | K30: =IF($J30="X",0,"")
B31: =RUBRICA!A9 -> 6. Entrega la documentación y evidencias requerida por la asignatura de acuerdo a la estructura y nombres solicitados, guardando todas las evidencias de avances en Git | C31: Completamente logrado | D31: =IF($C31=CL,"X","") -> X | E31: =IF(D31="X",100*0.2,"") -> 20 | F31: =IF($C31=L,"X","") | G31: =IF(F31="X",60*0.2,"") | H31: =IF($C31=ML,"X","") | I31: =IF(H31="X",30*0.2,"") | J31: =IF($C31=NL,"X","") | K31: =IF($J31="X",0,"")
B32: =RUBRICA!A10 -> 7. Expone el tema utilizando un lenguaje técnico disciplinar al presentar la propuesta y responde evidenciando un manejo de la información. | C32: Completamente logrado | D32: =IF($C32=CL,"X","") -> X | E32: =IF(D32="X",100*0.1,"") -> 10 | F32: =IF($C32=L,"X","") | G32: =IF(F32="X",60*0.1,"") | H32: =IF($C32=ML,"X","") | I32: =IF(H32="X",30*0.1,"") | J32: =IF($C32=NL,"X","") | K32: =IF($J32="X",0,"")
B33: Puntaje | C33: =E33+G33+I33+K33 -> 75 | E33: =SUM(E26:E32) -> 45 | G33: =SUM(G26:G32) -> 27 | I33: =SUM(I26:I32) -> 3 | K33: =SUM(K26:K32) -> 0
B34: Nota | C34: =VLOOKUP(C33,ESCALA_IEP!A15:B215,2,FALSE) -> 5.1
A37: DOCENTE | B37: =B6 -> 0 | C37: Nivel de Logro | D37: NIVELES DE LOGRO Y PUNTAJES
B38: Aspectos a Evaluar | D38: Completamente logrado | F38: Logrado | H38: Logro Incipiente | J38: No logrado
B39: =RUBRICA!A4 -> 1. Presenta el proyecto considerando la relevancia, objetivos, metodología y desarrollo, de acuerdo a los estándares de calidad de la disciplina. | C39: Completamente logrado | D39: =IF($C39=CL,"X","") -> X | E39: =IF(D39="X",100*0.15,"") -> 15 | F39: =IF($C39=L,"X","") | G39: =IF(F39="X",60*0.15,"") | H39: =IF($C39=ML,"X","") | I39: =IF(H39="X",30*0.15,"") | J39: =IF($C39=NL,"X","") | K39: =IF($J39="X",0,"")
B40: =RUBRICA!A5 -> 2. Presenta las evidencias del Proyecto APT, dando cuenta del cumplimiento de los objetivos y de acuerdo a los estándares de la disciplina. | C40: Completamente logrado | D40: =IF($C40=CL,"X","") -> X | E40: =IF(D40="X",100*0.25,"") -> 25 | F40: =IF($C40=L,"X","") | G40: =IF(F40="X",60*0.25,"") | H40: =IF($C40=ML,"X","") | I40: =IF(H40="X",30*0.25,"") | J40: =IF($C40=NL,"X","") | K40: =IF($J40="X",0,"")
B41: =RUBRICA!A6 -> 3. Responde las preguntas realizadas por la comisión, cumpliendo con los estándares de calidad de la disciplina. | C41: Completamente logrado | D41: =IF($C41=CL,"X","") -> X | E41: =IF(D41="X",100*0.2,"") -> 20 | F41: =IF($C41=L,"X","") | G41: =IF(F41="X",60*0.2,"") | H41: =IF($C41=ML,"X","") | I41: =IF(H41="X",30*0.2,"") | J41: =IF($C41=NL,"X","") | K41: =IF($J41="X",0,"")
B42: =RUBRICA!A7 -> 4. Expone el Proyecto APT, considerando el formato y el tiempo establecido para la presentación. | C42: Completamente logrado | D42: =IF($C42=CL,"X","") -> X | E42: =IF(D42="X",100*0.05,"") -> 5 | F42: =IF($C42=L,"X","") | G42: =IF(F42="X",60*0.05,"") | H42: =IF($C42=ML,"X","") | I42: =IF(H42="X",30*0.05,"") | J42: =IF($C42=NL,"X","") | K42: =IF($J42="X",0,"")
B43: =RUBRICA!A8 -> 5. Expresa sus ideas con fluidez, claridad y precisión, utilizando lenguaje técnico propio de la disciplina. | C43: Completamente logrado | D43: =IF($C43=CL,"X","") -> X | E43: =IF(D43="X",100*0.05,"") -> 5 | F43: =IF($C43=L,"X","") | G43: =IF(F43="X",60*0.05,"") | H43: =IF($C43=ML,"X","") | I43: =IF(H43="X",30*0.05,"") | J43: =IF($C43=NL,"X","") | K43: =IF($J43="X",0,"")
B44: =RUBRICA!A9 -> 6. Entrega la documentación y evidencias requerida por la asignatura de acuerdo a la estructura y nombres solicitados, guardando todas las evidencias de avances en Git | C44: Completamente logrado | D44: =IF($C44=CL,"X","") -> X | E44: =IF(D44="X",100*0.2,"") -> 20 | F44: =IF($C44=L,"X","") | G44: =IF(F44="X",60*0.2,"") | H44: =IF($C44=ML,"X","") | I44: =IF(H44="X",30*0.2,"") | J44: =IF($C44=NL,"X","") | K44: =IF($J44="X",0,"")
B45: =RUBRICA!A10 -> 7. Expone el tema utilizando un lenguaje técnico disciplinar al presentar la propuesta y responde evidenciando un manejo de la información. | C45: Completamente logrado | D45: =IF($C45=CL,"X","") -> X | E45: =IF(D45="X",100*0.1,"") -> 10 | F45: =IF($C45=L,"X","") | G45: =IF(F45="X",60*0.1,"") | H45: =IF($C45=ML,"X","") | I45: =IF(H45="X",30*0.1,"") | J45: =IF($C45=NL,"X","") | K45: =IF($J45="X",0,"")
B46: Puntaje | C46: =E46+G46+I46+K46 -> 100 | E46: =SUM(E39:E45) -> 100 | G46: =SUM(G39:G45) -> 0 | I46: =SUM(I39:I45) -> 0 | K46: =SUM(K39:K45) -> 0
B47: Nota | C47: =VLOOKUP(C46,ESCALA_IEP!A28:B228,2,FALSE) -> 7
A50: COMISION 1 | B50: =B4 -> Leandro Marcelo | C50: Nivel de Logro | D50: NIVELES DE LOGRO Y PUNTAJES
B51: Aspectos a Evaluar | D51: Completamente logrado | F51: Logrado | H51: Logro Incipiente | J51: No logrado
B52: =RUBRICA!A4 -> 1. Presenta el proyecto considerando la relevancia, objetivos, metodología y desarrollo, de acuerdo a los estándares de calidad de la disciplina. | C52: Completamente logrado | D52: =IF($C52=CL,"X","") -> X | E52: =IF(D52="X",100*0.15,"") -> 15 | F52: =IF($C52=L,"X","") | G52: =IF(F52="X",60*0.15,"") | H52: =IF($C52=ML,"X","") | I52: =IF(H52="X",30*0.15,"") | J52: =IF($C52=NL,"X","") | K52: =IF($J52="X",0,"")
B53: =RUBRICA!A5 -> 2. Presenta las evidencias del Proyecto APT, dando cuenta del cumplimiento de los objetivos y de acuerdo a los estándares de la disciplina. | C53: Logro incipiente | D53: =IF($C53=CL,"X","") | E53: =IF(D53="X",100*0.25,"") | F53: =IF($C53=L,"X","") | G53: =IF(F53="X",60*0.25,"") | H53: =IF($C53=ML,"X","") -> X | I53: =IF(H53="X",30*0.25,"") -> 7.5 | J53: =IF($C53=NL,"X","") | K53: =IF($J53="X",0,"")
B54: =RUBRICA!A6 -> 3. Responde las preguntas realizadas por la comisión, cumpliendo con los estándares de calidad de la disciplina. | C54: Logrado | D54: =IF($C54=CL,"X","") | E54: =IF(D54="X",100*0.2,"") | F54: =IF($C54=L,"X","") -> X | G54: =IF(F54="X",60*0.2,"") -> 12 | H54: =IF($C54=ML,"X","") | I54: =IF(H54="X",30*0.2,"") | J54: =IF($C54=NL,"X","") | K54: =IF($J54="X",0,"")
B55: =RUBRICA!A7 -> 4. Expone el Proyecto APT, considerando el formato y el tiempo establecido para la presentación. | C55: Logrado | D55: =IF($C55=CL,"X","") | E55: =IF(D55="X",100*0.05,"") | F55: =IF($C55=L,"X","") -> X | G55: =IF(F55="X",60*0.05,"") -> 3 | H55: =IF($C55=ML,"X","") | I55: =IF(H55="X",30*0.05,"") | J55: =IF($C55=NL,"X","") | K55: =IF($J55="X",0,"")
B56: =RUBRICA!A8 -> 5. Expresa sus ideas con fluidez, claridad y precisión, utilizando lenguaje técnico propio de la disciplina. | C56: Logrado | D56: =IF($C56=CL,"X","") | E56: =IF(D56="X",100*0.05,"") | F56: =IF($C56=L,"X","") -> X | G56: =IF(F56="X",60*0.05,"") -> 3 | H56: =IF($C56=ML,"X","") | I56: =IF(H56="X",30*0.05,"") | J56: =IF($C56=NL,"X","") | K56: =IF($J56="X",0,"")
B57: =RUBRICA!A9 -> 6. Entrega la documentación y evidencias requerida por la asignatura de acuerdo a la estructura y nombres solicitados, guardando todas las evidencias de avances en Git | C57: Completamente logrado | D57: =IF($C57=CL,"X","") -> X | E57: =IF(D57="X",100*0.2,"") -> 20 | F57: =IF($C57=L,"X","") | G57: =IF(F57="X",60*0.2,"") | H57: =IF($C57=ML,"X","") | I57: =IF(H57="X",30*0.2,"") | J57: =IF($C57=NL,"X","") | K57: =IF($J57="X",0,"")
B58: =RUBRICA!A10 -> 7. Expone el tema utilizando un lenguaje técnico disciplinar al presentar la propuesta y responde evidenciando un manejo de la información. | C58: Completamente logrado | D58: =IF($C58=CL,"X","") -> X | E58: =IF(D58="X",100*0.1,"") -> 10 | F58: =IF($C58=L,"X","") | G58: =IF(F58="X",60*0.1,"") | H58: =IF($C58=ML,"X","") | I58: =IF(H58="X",30*0.1,"") | J58: =IF($C58=NL,"X","") | K58: =IF($J58="X",0,"")
B59: Puntaje | C59: =E59+G59+I59+K59 -> 70.5 | E59: =SUM(E52:E58) -> 45 | G59: =SUM(G52:G58) -> 18 | I59: =SUM(I52:I58) -> 7.5 | K59: =SUM(K52:K58) -> 0
B60: Nota | C60: =VLOOKUP(C59,ESCALA_IEP!A41:B241,2,FALSE) -> 4.8
A63: COMISION 2 | B63: =B5 -> Antonio Loza | C63: Nivel de Logro | D63: NIVELES DE LOGRO Y PUNTAJES
B64: Aspectos a Evaluar | D64: Completamente logrado | F64: Logrado | H64: Logro Incipiente | J64: No logrado
B65: =RUBRICA!A4 -> 1. Presenta el proyecto considerando la relevancia, objetivos, metodología y desarrollo, de acuerdo a los estándares de calidad de la disciplina. | C65: Completamente logrado | D65: =IF($C65=CL,"X","") -> X | E65: =IF(D65="X",100*0.15,"") -> 15 | F65: =IF($C65=L,"X","") | G65: =IF(F65="X",60*0.15,"") | H65: =IF($C65=ML,"X","") | I65: =IF(H65="X",30*0.15,"") | J65: =IF($C65=NL,"X","") | K65: =IF($J65="X",0,"")
B66: =RUBRICA!A5 -> 2. Presenta las evidencias del Proyecto APT, dando cuenta del cumplimiento de los objetivos y de acuerdo a los estándares de la disciplina. | C66: Logro incipiente | D66: =IF($C66=CL,"X","") | E66: =IF(D66="X",100*0.25,"") | F66: =IF($C66=L,"X","") | G66: =IF(F66="X",60*0.25,"") | H66: =IF($C66=ML,"X","") -> X | I66: =IF(H66="X",30*0.25,"") -> 7.5 | J66: =IF($C66=NL,"X","") | K66: =IF($J66="X",0,"")
B67: =RUBRICA!A6 -> 3. Responde las preguntas realizadas por la comisión, cumpliendo con los estándares de calidad de la disciplina. | C67: Logrado | D67: =IF($C67=CL,"X","") | E67: =IF(D67="X",100*0.2,"") | F67: =IF($C67=L,"X","") -> X | G67: =IF(F67="X",60*0.2,"") -> 12 | H67: =IF($C67=ML,"X","") | I67: =IF(H67="X",30*0.2,"") | J67: =IF($C67=NL,"X","") | K67: =IF($J67="X",0,"")
B68: =RUBRICA!A7 -> 4. Expone el Proyecto APT, considerando el formato y el tiempo establecido para la presentación. | C68: Logrado | D68: =IF($C68=CL,"X","") | E68: =IF(D68="X",100*0.05,"") | F68: =IF($C68=L,"X","") -> X | G68: =IF(F68="X",60*0.05,"") -> 3 | H68: =IF($C68=ML,"X","") | I68: =IF(H68="X",30*0.05,"") | J68: =IF($C68=NL,"X","") | K68: =IF($J68="X",0,"")
B69: =RUBRICA!A8 -> 5. Expresa sus ideas con fluidez, claridad y precisión, utilizando lenguaje técnico propio de la disciplina. | C69: Logrado | D69: =IF($C69=CL,"X","") | E69: =IF(D69="X",100*0.05,"") | F69: =IF($C69=L,"X","") -> X | G69: =IF(F69="X",60*0.05,"") -> 3 | H69: =IF($C69=ML,"X","") | I69: =IF(H69="X",30*0.05,"") | J69: =IF($C69=NL,"X","") | K69: =IF($J69="X",0,"")
B70: =RUBRICA!A9 -> 6. Entrega la documentación y evidencias requerida por la asignatura de acuerdo a la estructura y nombres solicitados, guardando todas las evidencias de avances en Git | C70: Completamente logrado | D70: =IF($C70=CL,"X","") -> X | E70: =IF(D70="X",100*0.2,"") -> 20 | F70: =IF($C70=L,"X","") | G70: =IF(F70="X",60*0.2,"") | H70: =IF($C70=ML,"X","") | I70: =IF(H70="X",30*0.2,"") | J70: =IF($C70=NL,"X","") | K70: =IF($J70="X",0,"")
B71: =RUBRICA!A10 -> 7. Expone el tema utilizando un lenguaje técnico disciplinar al presentar la propuesta y responde evidenciando un manejo de la información. | C71: Completamente logrado | D71: =IF($C71=CL,"X","") -> X | E71: =IF(D71="X",100*0.1,"") -> 10 | F71: =IF($C71=L,"X","") | G71: =IF(F71="X",60*0.1,"") | H71: =IF($C71=ML,"X","") | I71: =IF(H71="X",30*0.1,"") | J71: =IF($C71=NL,"X","") | K71: =IF($J71="X",0,"")
B72: Puntaje | C72: =E72+G72+I72+K72 -> 70.5 | E72: =SUM(E65:E71) -> 45 | G72: =SUM(G65:G71) -> 18 | I72: =SUM(I65:I71) -> 7.5 | K72: =SUM(K65:K71) -> 0
B73: Nota | C73: =VLOOKUP(C72,ESCALA_IEP!A54:B254,2,FALSE) -> 4.8
A76: COMISION 3 | B76: =B6 -> 0 | C76: Nivel de Logro | D76: NIVELES DE LOGRO Y PUNTAJES
B77: Aspectos a Evaluar | D77: Completamente logrado | F77: Logrado | H77: Logro Incipiente | J77: No logrado
B78: =RUBRICA!A4 -> 1. Presenta el proyecto considerando la relevancia, objetivos, metodología y desarrollo, de acuerdo a los estándares de calidad de la disciplina. | C78: Completamente logrado | D78: =IF($C78=CL,"X","") -> X | E78: =IF(D78="X",100*0.15,"") -> 15 | F78: =IF($C78=L,"X","") | G78: =IF(F78="X",60*0.15,"") | H78: =IF($C78=ML,"X","") | I78: =IF(H78="X",30*0.15,"") | J78: =IF($C78=NL,"X","") | K78: =IF($J78="X",0,"")
B79: =RUBRICA!A5 -> 2. Presenta las evidencias del Proyecto APT, dando cuenta del cumplimiento de los objetivos y de acuerdo a los estándares de la disciplina. | C79: Completamente logrado | D79: =IF($C79=CL,"X","") -> X | E79: =IF(D79="X",100*0.25,"") -> 25 | F79: =IF($C79=L,"X","") | G79: =IF(F79="X",60*0.25,"") | H79: =IF($C79=ML,"X","") | I79: =IF(H79="X",30*0.25,"") | J79: =IF($C79=NL,"X","") | K79: =IF($J79="X",0,"")
B80: =RUBRICA!A6 -> 3. Responde las preguntas realizadas por la comisión, cumpliendo con los estándares de calidad de la disciplina. | C80: Completamente logrado | D80: =IF($C80=CL,"X","") -> X | E80: =IF(D80="X",100*0.2,"") -> 20 | F80: =IF($C80=L,"X","") | G80: =IF(F80="X",60*0.2,"") | H80: =IF($C80=ML,"X","") | I80: =IF(H80="X",30*0.2,"") | J80: =IF($C80=NL,"X","") | K80: =IF($J80="X",0,"")
B81: =RUBRICA!A7 -> 4. Expone el Proyecto APT, considerando el formato y el tiempo establecido para la presentación. | C81: Completamente logrado | D81: =IF($C81=CL,"X","") -> X | E81: =IF(D81="X",100*0.05,"") -> 5 | F81: =IF($C81=L,"X","") | G81: =IF(F81="X",60*0.05,"") | H81: =IF($C81=ML,"X","") | I81: =IF(H81="X",30*0.05,"") | J81: =IF($C81=NL,"X","") | K81: =IF($J81="X",0,"")
B82: =RUBRICA!A8 -> 5. Expresa sus ideas con fluidez, claridad y precisión, utilizando lenguaje técnico propio de la disciplina. | C82: Completamente logrado | D82: =IF($C82=CL,"X","") -> X | E82: =IF(D82="X",100*0.05,"") -> 5 | F82: =IF($C82=L,"X","") | G82: =IF(F82="X",60*0.05,"") | H82: =IF($C82=ML,"X","") | I82: =IF(H82="X",30*0.05,"") | J82: =IF($C82=NL,"X","") | K82: =IF($J82="X",0,"")
B83: =RUBRICA!A9 -> 6. Entrega la documentación y evidencias requerida por la asignatura de acuerdo a la estructura y nombres solicitados, guardando todas las evidencias de avances en Git | C83: Completamente logrado | D83: =IF($C83=CL,"X","") -> X | E83: =IF(D83="X",100*0.2,"") -> 20 | F83: =IF($C83=L,"X","") | G83: =IF(F83="X",60*0.2,"") | H83: =IF($C83=ML,"X","") | I83: =IF(H83="X",30*0.2,"") | J83: =IF($C83=NL,"X","") | K83: =IF($J83="X",0,"")
B84: =RUBRICA!A10 -> 7. Expone el tema utilizando un lenguaje técnico disciplinar al presentar la propuesta y responde evidenciando un manejo de la información. | C84: Completamente logrado | D84: =IF($C84=CL,"X","") -> X | E84: =IF(D84="X",100*0.1,"") -> 10 | F84: =IF($C84=L,"X","") | G84: =IF(F84="X",60*0.1,"") | H84: =IF($C84=ML,"X","") | I84: =IF(H84="X",30*0.1,"") | J84: =IF($C84=NL,"X","") | K84: =IF($J84="X",0,"")
B85: Puntaje | C85: =E85+G85+I85+K85 -> 100 | E85: =SUM(E78:E84) -> 100 | G85: =SUM(G78:G84) -> 0 | I85: =SUM(I78:I84) -> 0 | K85: =SUM(K78:K84) -> 0
B86: Nota | C86: =VLOOKUP(C85,ESCALA_IEP!A67:B267,2,FALSE) -> 7
B88: Observaciones
B89: Improvisación de la presentacíón y demora en partir
B90: Hay algunos detalles en la arquitectura

Sheet RUBRICA
A1: Indicador de Evaluación | B1: Categorías de Respuesta | F1: Ponderación del Indicador de Evaluación
B2: Completamente Logrado (100%) | C2: Logrado (60%) | D2: Logro incipiente | E2: No logrado
D3: 0.3 | E3: 0
A4: 1. Presenta el proyecto considerando la relevancia, objetivos, metodología y desarrollo, de acuerdo a los estándares de calidad de la disciplina. | B4: Presenta el proyecto mencionando la relevancia, objetivos, metodología y desarrollo de este y todos los aspectos presentados cumplen con los estándares de calidad de la disciplina. | C4: Presenta el proyecto mencionando solo 2 o 3 aspectos de este (relevancia, objetivos, metodología y desarrollo) y todos los aspectos mencionados cumplen con los estándares de calidad de la disciplina. | D4: Presenta el proyecto mencionado algunos o todos los aspectos de este (relevancia, objetivos, metodología y desarrollo) y la mayoría de ellos no cumple con los estándares de calidad de la disciplina. | E4: Presenta el proyecto y los aspectos considerados no cumplen con los estándares de la disciplina. | F4: 15
A5: 2. Presenta las evidencias del Proyecto APT, dando cuenta del cumplimiento de los objetivos y de acuerdo a los estándares de la disciplina. | B5: Presenta evidencias que cumplen los estándares de la disciplina y dan cuenta del cumplimiento de los objetivos del Proyecto APT. | C5: Presenta evidencias que requieren ajustes menores de acuerdo a los estándares de la disciplina y dan cuenta del cumplimiento de los objetivos del Proyecto APT. | D5: Presenta evidencias que requieren ajustes mayores de acuerdo a los estándares de la disciplina y dan cuenta parcialmente del cumplimiento de los objetivos del Proyecto APT. | E5: Presenta evidencias finales que no cumplen los estándares de la disciplina o no presenta evidencias del Proyecto APT. | F5: 25
A6: 3. Responde las preguntas realizadas por la comisión, cumpliendo con los estándares de calidad de la disciplina. | B6: Responde todas las preguntas realizadas por la comisión cumpliendo con los estándares de calidad de la disciplina. | C6: Responde todas las preguntas realizadas por la comisión cumpliendo con los estándares de calidad de la disciplina, pero presentando leves imprecisiones. | D6: Responde todas o algunas de las preguntas realizadas por la comisión, pero presenta importantes fallas de acuerdo a los estándares de calidad de la disciplina. | E6: No responde las preguntas de la comisión o las respuestas no cumplen con los estándares de calidad de la disciplina. | F6: 20
A7: 4. Expone el Proyecto APT, considerando el formato y el tiempo establecido para la presentación. | B7: Expone el Proyecto APT, respetando el formato y tiempo establecidos por la disciplina. | C7: Expone el Proyecto APT, respetando el tiempo establecido para la presentación, pero algún aspecto del formato no cumple con lo establecido por la disciplina. | D7: Expone el Proyecto APT, pero excede el tiempo establecido para la presentación y la mayoría de los aspectos del formato no cumplen con lo establecido por la disciplina. | E7: La presentación no cumple el tiempo ni el formato establecido por la disciplina. | F7: 5
A8: 5. Expresa sus ideas con fluidez, claridad y precisión, utilizando lenguaje técnico propio de la disciplina. | B8: Expresa sus ideas con fluidez, claridad y precisión y siempre utiliza adecuadamente el lenguaje técnico de la disciplina. | C8: Expresa sus ideas cumpliendo con uno o dos de los tres elementos: fluidez, claridad y/o precisión y presenta errores menores en el lenguaje técnico de la disciplina. | D8: Expresa sus ideas cumpliendo con al menos uno de los tres elementos: fluidez, claridad y/o precisión y presenta errores importantes en el lenguaje técnico de la disciplina y presenta errores importantes en el lenguaje técnico de la disciplina. | E8: No expresa sus ideas con fluidez, ni claridad ni precisión ni con un lenguaje técnico de la disciplina que sea adecuado. | F8: 5
A9: 6. Entrega la documentación y evidencias requerida por la asignatura de acuerdo a la estructura y nombres solicitados, guardando todas las evidencias de avances en Git | B9: Entrega la documentación y evidencias requeridas por la asignatura de acuerdo a la estructura y nombres solicitados, guardando todas las evidencias de avances en Git | C9: Entrega la documentación y evidencias requeridas por la asignatura de acuerdo a la estructura y nombres solicitados, guardando algunas de las evidencias de avances en Git | D9: Entrega la documentación y evidencias requeridas por la asignatura sin una la estructura y nombres solicitados, guardando algunas de las evidencias de avances en Git | E9: No entrega a través de Git la documentación y evidencias de avance requeridas por la asignatura | F9: 20
A10: 7. Expone el tema utilizando un lenguaje técnico disciplinar al presentar la propuesta y responde evidenciando un manejo de la información. | B10: Expone el tema utilizando un lenguaje técnico disciplinar al presentar la propuesta y responde evidenciando un manejo de la información en todo momento | C10: Expone el tema utilizando un lenguaje técnico disciplinar al presentar la propuesta y responde evidenciando un manejo de la información la mayoría del tiempo. | D10: Expone el tema utilizando un lenguaje técnico disciplinar al presentar la propuesta y responde evidenciando un manejo de la información la mitad del tiempo. | E10: Expone el tema utilizando un lenguaje técnico disciplinar al presentar la propuesta y responde evidenciando un manejo de la información en menos de la mitad del tiempo. | F10: 10

Sheet ESCALA_IEP
A1: Puntaje | B1: Nota
A2: 0 | B2: 1
A3: 0.5 | B3: 1
A4: 1 | B4: 1.1
A5: 1.5 | B5: 1.1
A6: 2 | B6: 1.1
A7: 2.5 | B7: 1.1
A8: 3 | B8: 1.2
A9: 3.5 | B9: 1.2
A10: 4 | B10: 1.2
A11: 4.5 | B11: 1.2
A12: 5 | B12: 1.3
A13: 5.5 | B13: 1.3
... A202: 100 | B202: 7

Sheet ESCALA_PRESENTACION
A1: PUNTOS | B1: NOTA
A2: 0 | B2: 1
A3: 1 | B3: 1.1
A4: 2 | B4: 1.2
A5: 3 | B5: 1.3
A6: 4 | B6: 1.4
A7: 5 | B7: 1.5
A8: 6 | B8: 1.6
A9: 7 | B9: 1.7
A10: 8 | B10: 1.8
A11: 9 | B11: 1.9
A12: 10 | B12: 2
A13: 11 | B13: 2.1
... A54: 52 | B54: 7

Sheet ESCALA_TRAB_EQUIP
A1: Puntaje | B1: Nota
A2: 0 | B2: 1
A3: 0.5 | B3: 1.1
A4: 1 | B4: 1.3
A5: 1.5 | B5: 1.4
A6: 2 | B6: 1.5
A7: 2.5 | B7: 1.6
A8: 3 | B8: 1.8
A9: 3.5 | B9: 1.9
A10: 4 | B10: 2
A11: 4.5 | B11: 2.1
A12: 5 | B12: 2.3
A13: 5.5 | B13: 2.4
... A42: 20 | B42: 7

Sheet RELEVANCIA-PUNTAJE
A1: Relevancia | B1: Puntaje
B2: Completamente logrado | C2: Logrado | D2: Logro incipiente | E2: No logrado
A3: Muy Relevante | B3: 4 | C3: 3 | D3: 2 | E3: 0
